Cluster,Case_Duration,Witnesses,Legal_Fees,Evidence_Items,Severity,Outcome
0,174.47222222222223,7.138888888888889,18646.25,17.88888888888889,1.3333333333333333,0.4166666666666667
1,212.4390243902439,11.463414634146341,35697.9756097561,35.09756097560975,1.6585365853658536,0.3902439024390244
2,218.69565217391303,6.565217391304348,22100.08695652174,24.130434782608695,2.9130434782608696,0.4782608695652174
